rep_id,month,quota,actual_sales,attainment_pct,drug,region,territory,new_doctors_reached,total_visits
REP001,2024-01,1480952.42,1901135.52,128.37,Cardivex,North,Lucknow,5,58
REP001,2024-02,1234340.51,1312665.11,106.35,Cardivex,North,Lucknow,16,76
REP001,2024-03,1449364.05,1876727.13,129.49,Cardivex,North,Lucknow,12,23
REP001,2024-04,1383975.25,1431452.6,103.43,Cardivex,North,Lucknow,7,25
REP001,2024-05,1451889.94,1751222.69,120.62,Cardivex,North,Lucknow,29,54
REP001,2024-06,1264086.84,1539710.92,121.8,Cardivex,North,Lucknow,20,80
REP001,2024-07,1301412.25,1486774.04,114.24,Cardivex,North,Lucknow,24,47
REP001,2024-08,1482722.05,1909044.7,128.75,Cardivex,North,Lucknow,29,66
REP001,2024-09,1423738.73,1696318.74,119.15,Cardivex,North,Lucknow,17,62
REP001,2024-10,1348673.15,1588005.08,117.75,Cardivex,North,Lucknow,21,48
REP001,2024-11,1290389.49,1280519.91,99.24,Cardivex,North,Lucknow,15,21
REP001,2024-12,1291869.07,1493281.86,115.59,Cardivex,North,Lucknow,12,20
REP002,2024-01,1335287.71,1296038.02,97.06,Diabetrol,South,Chennai,6,75
REP002,2024-02,1465897.57,1562133.7,106.56,Diabetrol,South,Chennai,13,62
REP002,2024-03,1473229.11,1649862.02,111.99,Diabetrol,South,Chennai,28,79
REP002,2024-04,1484039.61,1868159.64,125.88,Diabetrol,South,Chennai,12,70
REP002,2024-05,1434587.81,1600340.85,111.55,Diabetrol,South,Chennai,8,26
REP002,2024-06,1419162.63,1675525.79,118.06,Diabetrol,South,Chennai,18,49
REP002,2024-07,1331420.14,1667394.51,125.23,Diabetrol,South,Chennai,25,61
REP002,2024-08,1433290.16,1410997.13,98.44,Diabetrol,South,Chennai,15,71
REP002,2024-09,1388278.23,1737548.74,125.16,Diabetrol,South,Chennai,11,54
REP002,2024-10,1438920.96,1592906.71,110.7,Diabetrol,South,Chennai,13,49
REP002,2024-11,1585501.46,1644850.36,103.74,Diabetrol,South,Chennai,19,71
REP002,2024-12,1476471.7,1847763.26,125.15,Diabetrol,South,Chennai,6,61
REP003,2024-01,885012.24,697034.31,78.76,Cardivex,Central,Bhopal,12,30
REP003,2024-02,812433.65,457047.25,56.26,Cardivex,Central,Bhopal,17,77
REP003,2024-03,795735.15,336957.36,42.35,Cardivex,Central,Bhopal,17,36
REP003,2024-04,861977.12,664245.8,77.06,Cardivex,Central,Bhopal,14,47
REP003,2024-05,853068.22,578923.32,67.86,Cardivex,Central,Bhopal,30,55
REP003,2024-06,813300.18,540640.09,66.47,Cardivex,Central,Bhopal,11,38
REP003,2024-07,743464.92,362127.16,48.71,Cardivex,Central,Bhopal,28,54
REP003,2024-08,785073.91,333172.05,42.44,Cardivex,Central,Bhopal,6,57
REP003,2024-09,883873.86,522117.91,59.07,Cardivex,Central,Bhopal,21,30
REP003,2024-10,816750.79,345282.89,42.28,Cardivex,Central,Bhopal,10,24
REP003,2024-11,844050.26,538515.92,63.8,Cardivex,Central,Bhopal,12,45
REP003,2024-12,879127.83,393809.4,44.8,Cardivex,Central,Bhopal,12,57
REP004,2024-01,828074.77,536387.59,64.78,Immunoboost,West,Mumbai,23,56
REP004,2024-02,914848.02,557245.9,60.91,Immunoboost,West,Mumbai,11,62
REP004,2024-03,797683.86,547591.4,68.65,Immunoboost,West,Mumbai,17,28
REP004,2024-04,808004.63,540293.37,66.87,Immunoboost,West,Mumbai,15,79
REP004,2024-05,769716.3,539375.46,70.07,Immunoboost,West,Mumbai,19,59
REP004,2024-06,925182.1,739573.71,79.94,Immunoboost,West,Mumbai,7,54
REP004,2024-07,802147.15,389251.31,48.53,Immunoboost,West,Mumbai,16,76
REP004,2024-08,798626.27,341425.93,42.75,Immunoboost,West,Mumbai,14,30
REP004,2024-09,848947.07,488377.03,57.53,Immunoboost,West,Mumbai,14,59
REP004,2024-10,893367.48,708924.02,79.35,Immunoboost,West,Mumbai,21,20
REP004,2024-11,850863.44,567649.53,66.71,Immunoboost,West,Mumbai,26,26
REP004,2024-12,780110.61,605031.95,77.56,Immunoboost,West,Mumbai,8,76
REP005,2024-01,1319857.5,1325673.8,100.44,Cardivex,North,Chandigarh,11,65
REP005,2024-02,1431849.84,1532090.93,107.0,Cardivex,North,Chandigarh,13,52
REP005,2024-03,1491977.74,1672486.37,112.1,Cardivex,North,Chandigarh,6,25
REP005,2024-04,1471003.46,1724015.41,117.2,Cardivex,North,Chandigarh,6,20
REP005,2024-05,1278196.06,1363508.99,106.67,Cardivex,North,Chandigarh,13,30
REP005,2024-06,1394361.8,1686384.13,120.94,Cardivex,North,Chandigarh,18,55
REP005,2024-07,1262856.07,1203987.27,95.34,Cardivex,North,Chandigarh,27,77
REP005,2024-08,1252031.77,1254747.42,100.22,Cardivex,North,Chandigarh,16,57
REP005,2024-09,1360716.77,1555821.49,114.34,Cardivex,North,Chandigarh,6,39
REP005,2024-10,1499637.69,1616051.61,107.76,Cardivex,North,Chandigarh,6,77
REP005,2024-11,1430350.94,1537960.86,107.52,Cardivex,North,Chandigarh,26,26
REP005,2024-12,1396626.01,1499679.59,107.38,Cardivex,North,Chandigarh,18,59
REP006,2024-01,911405.1,702060.39,77.03,Diabetrol,Central,Gwalior,10,71
REP006,2024-02,1035449.05,749984.75,72.43,Diabetrol,Central,Gwalior,5,31
REP006,2024-03,929770.47,645842.55,69.46,Diabetrol,Central,Gwalior,18,71
REP006,2024-04,1007287.89,672830.89,66.8,Diabetrol,Central,Gwalior,12,37
REP006,2024-05,1000788.34,464044.67,46.37,Diabetrol,Central,Gwalior,17,75
REP006,2024-06,956420.41,397382.97,41.55,Diabetrol,Central,Gwalior,11,72
REP006,2024-07,933132.48,716067.91,76.74,Diabetrol,Central,Gwalior,30,75
REP006,2024-08,870407.32,427403.24,49.1,Diabetrol,Central,Gwalior,11,45
REP006,2024-09,1032165.88,548394.67,53.13,Diabetrol,Central,Gwalior,29,37
REP006,2024-10,963869.76,520931.56,54.05,Diabetrol,Central,Gwalior,26,73
REP006,2024-11,1046574.5,643105.68,61.45,Diabetrol,Central,Gwalior,8,76
REP006,2024-12,900212.59,709511.78,78.82,Diabetrol,Central,Gwalior,13,22
REP007,2024-01,1490710.48,1642908.02,110.21,Cardivex,Central,Indore,15,47
REP007,2024-02,1428806.83,1660520.86,116.22,Cardivex,Central,Indore,17,77
REP007,2024-03,1355618.93,1561409.77,115.18,Cardivex,Central,Indore,27,47
REP007,2024-04,1546885.74,1470457.12,95.06,Cardivex,Central,Indore,22,63
REP007,2024-05,1494532.39,1796129.77,120.18,Cardivex,Central,Indore,26,32
REP007,2024-06,1302945.23,1403894.19,107.75,Cardivex,Central,Indore,26,78
REP007,2024-07,1372495.49,1462490.04,106.56,Cardivex,Central,Indore,8,66
REP007,2024-08,1427580.7,1805912.98,126.5,Cardivex,Central,Indore,26,46
REP007,2024-09,1481776.09,1576852.8,106.42,Cardivex,Central,Indore,22,28
REP007,2024-10,1472573.03,1497818.87,101.71,Cardivex,Central,Indore,17,63
REP007,2024-11,1332611.94,1614921.9,121.18,Cardivex,Central,Indore,23,39
REP007,2024-12,1520698.38,1660794.71,109.21,Cardivex,Central,Indore,14,38
REP008,2024-01,1277451.82,1564898.39,122.5,Immunoboost,West,Pune,15,49
REP008,2024-02,1294703.85,1430162.38,110.46,Immunoboost,West,Pune,21,50
REP008,2024-03,1365798.82,1676937.88,122.78,Immunoboost,West,Pune,28,30
REP008,2024-04,1196683.3,1412801.63,118.06,Immunoboost,West,Pune,26,60
REP008,2024-05,1149054.18,1340648.95,116.67,Immunoboost,West,Pune,29,35
REP008,2024-06,1181887.76,1401102.51,118.55,Immunoboost,West,Pune,11,29
REP008,2024-07,1186941.34,1137741.3,95.85,Immunoboost,West,Pune,20,59
REP008,2024-08,1143911.27,1426924.29,124.74,Immunoboost,West,Pune,18,76
REP008,2024-09,1174331.75,1374458.88,117.04,Immunoboost,West,Pune,27,44
REP008,2024-10,1186726.68,1332732.05,112.3,Immunoboost,West,Pune,25,64
REP008,2024-11,1313549.77,1250421.47,95.19,Immunoboost,West,Pune,29,76
REP008,2024-12,1232045.02,1216404.89,98.73,Immunoboost,West,Pune,10,71
REP009,2024-01,1358538.55,795858.99,58.58,Neuraplex,Central,Raipur,8,49
REP009,2024-02,1333620.34,604577.63,45.33,Neuraplex,Central,Raipur,21,55
REP009,2024-03,1464009.26,934302.79,63.82,Neuraplex,Central,Raipur,19,59
REP009,2024-04,1448423.9,1051559.52,72.6,Neuraplex,Central,Raipur,18,73
REP009,2024-05,1328589.12,1013370.58,76.27,Neuraplex,Central,Raipur,10,67
REP009,2024-06,1329705.56,990096.05,74.46,Neuraplex,Central,Raipur,29,35
REP009,2024-07,1283298.57,944437.37,73.59,Neuraplex,Central,Raipur,29,53
REP009,2024-08,1273073.29,756000.32,59.38,Neuraplex,Central,Raipur,19,24
REP009,2024-09,1271796.71,871712.29,68.54,Neuraplex,Central,Raipur,15,40
REP009,2024-10,1230451.26,931710.9,75.72,Neuraplex,Central,Raipur,9,34
REP009,2024-11,1249853.3,691436.49,55.32,Neuraplex,Central,Raipur,11,24
REP009,2024-12,1297688.75,734423.26,56.59,Neuraplex,Central,Raipur,19,46
REP010,2024-01,994403.21,1234563.43,124.15,Cardivex,South,Kochi,29,57
REP010,2024-02,919165.24,1177562.54,128.11,Cardivex,South,Kochi,29,56
REP010,2024-03,916392.02,992574.77,108.31,Cardivex,South,Kochi,16,39
REP010,2024-04,1088763.9,1321450.49,121.37,Cardivex,South,Kochi,18,54
REP010,2024-05,1026263.21,1243451.79,121.16,Cardivex,South,Kochi,24,77
REP010,2024-06,959818.04,985914.09,102.72,Cardivex,South,Kochi,18,51
REP010,2024-07,983553.65,944367.58,96.02,Cardivex,South,Kochi,26,71
REP010,2024-08,948759.07,1035580.8,109.15,Cardivex,South,Kochi,19,78
REP010,2024-09,1041745.16,1036192.37,99.47,Cardivex,South,Kochi,5,78
REP010,2024-10,1029976.8,1120519.06,108.79,Cardivex,South,Kochi,5,25
REP010,2024-11,942790.95,1107743.89,117.5,Cardivex,South,Kochi,19,31
REP010,2024-12,992293.6,960142.92,96.76,Cardivex,South,Kochi,11,49
REP011,2024-01,1125998.89,1101642.31,97.84,Oncozin,East,Bhubaneswar,29,80
REP011,2024-02,1096723.52,1096259.92,99.96,Oncozin,East,Bhubaneswar,7,50
REP011,2024-03,1162991.08,879006.09,75.58,Oncozin,East,Bhubaneswar,16,34
REP011,2024-04,1218796.63,1151815.5,94.5,Oncozin,East,Bhubaneswar,25,22
REP011,2024-05,1257654.86,1227810.66,97.63,Oncozin,East,Bhubaneswar,11,73
REP011,2024-06,1073671.21,811817.84,75.61,Oncozin,East,Bhubaneswar,9,50
REP011,2024-07,1168656.82,1111202.91,95.08,Oncozin,East,Bhubaneswar,11,49
REP011,2024-08,1215488.42,1166673.79,95.98,Oncozin,East,Bhubaneswar,10,58
REP011,2024-09,1211109.98,1128965.54,93.22,Oncozin,East,Bhubaneswar,8,69
REP011,2024-10,1261141.7,1255832.74,99.58,Oncozin,East,Bhubaneswar,8,57
REP011,2024-11,1110497.72,841428.04,75.77,Oncozin,East,Bhubaneswar,26,78
REP011,2024-12,1130044.04,1172366.28,103.75,Oncozin,East,Bhubaneswar,27,32
REP012,2024-01,1457017.7,1736349.92,119.17,Diabetrol,East,Kolkata,8,64
REP012,2024-02,1520402.46,1855450.98,122.04,Diabetrol,East,Kolkata,24,71
REP012,2024-03,1558353.92,1546462.55,99.24,Diabetrol,East,Kolkata,30,22
REP012,2024-04,1400506.05,1500672.09,107.15,Diabetrol,East,Kolkata,16,24
REP012,2024-05,1375741.38,1550579.23,112.71,Diabetrol,East,Kolkata,18,72
REP012,2024-06,1401968.23,1572406.34,112.16,Diabetrol,East,Kolkata,16,60
REP012,2024-07,1409418.06,1778757.83,126.21,Diabetrol,East,Kolkata,9,47
REP012,2024-08,1427038.81,1443660.87,101.16,Diabetrol,East,Kolkata,25,37
REP012,2024-09,1540102.5,1795096.24,116.56,Diabetrol,East,Kolkata,29,50
REP012,2024-10,1513423.59,1683995.23,111.27,Diabetrol,East,Kolkata,23,37
REP012,2024-11,1348535.9,1433232.86,106.28,Diabetrol,East,Kolkata,7,37
REP012,2024-12,1348072.21,1696644.48,125.86,Diabetrol,East,Kolkata,19,56
REP013,2024-01,1196035.52,639351.13,53.46,Cardivex,West,Mumbai,15,31
REP013,2024-02,1162632.51,691789.57,59.5,Cardivex,West,Mumbai,13,41
REP013,2024-03,1220426.18,624691.49,51.19,Cardivex,West,Mumbai,13,55
REP013,2024-04,1304700.94,527178.04,40.41,Cardivex,West,Mumbai,7,35
REP013,2024-05,1194663.63,821964.25,68.8,Cardivex,West,Mumbai,29,35
REP013,2024-06,1232339.8,833362.07,67.62,Cardivex,West,Mumbai,20,48
REP013,2024-07,1099943.5,788849.94,71.72,Cardivex,West,Mumbai,12,45
REP013,2024-08,1150989.26,778891.54,67.67,Cardivex,West,Mumbai,23,43
REP013,2024-09,1204804.18,709996.16,58.93,Cardivex,West,Mumbai,18,67
REP013,2024-10,1161910.61,720565.13,62.02,Cardivex,West,Mumbai,19,37
REP013,2024-11,1132868.3,592092.71,52.26,Cardivex,West,Mumbai,28,32
REP013,2024-12,1255564.11,660701.91,52.62,Cardivex,West,Mumbai,29,64
REP014,2024-01,997682.05,1023357.02,102.57,Oncozin,East,Ranchi,28,57
REP014,2024-02,1005776.54,1299274.66,129.18,Oncozin,East,Ranchi,14,26
REP014,2024-03,960059.86,1191837.44,124.14,Oncozin,East,Ranchi,16,31
REP014,2024-04,1042483.85,1100647.84,105.58,Oncozin,East,Ranchi,9,37
REP014,2024-05,911674.92,880614.61,96.59,Oncozin,East,Ranchi,14,64
REP014,2024-06,1028442.23,1316849.69,128.04,Oncozin,East,Ranchi,29,51
REP014,2024-07,903215.65,890485.44,98.59,Oncozin,East,Ranchi,14,50
REP014,2024-08,968959.27,1082860.4,111.75,Oncozin,East,Ranchi,6,36
REP014,2024-09,996387.07,1274749.98,127.94,Oncozin,East,Ranchi,7,45
REP014,2024-10,1016262.25,1140359.35,112.21,Oncozin,East,Ranchi,26,23
REP014,2024-11,1063126.0,1066426.42,100.31,Oncozin,East,Ranchi,14,25
REP014,2024-12,924470.83,1199844.2,129.79,Oncozin,East,Ranchi,29,46
REP015,2024-01,1346900.23,964779.69,71.63,Oncozin,North,Jaipur,21,44
REP015,2024-02,1408758.52,817369.85,58.02,Oncozin,North,Jaipur,23,47
REP015,2024-03,1459578.82,762122.14,52.22,Oncozin,North,Jaipur,24,67
REP015,2024-04,1499968.49,659526.29,43.97,Oncozin,North,Jaipur,25,33
REP015,2024-05,1305715.39,660507.16,50.59,Oncozin,North,Jaipur,12,31
REP015,2024-06,1327190.03,823915.45,62.08,Oncozin,North,Jaipur,18,48
REP015,2024-07,1416508.55,957203.46,67.57,Oncozin,North,Jaipur,6,34
REP015,2024-08,1363155.09,702354.69,51.52,Oncozin,North,Jaipur,19,24
REP015,2024-09,1545905.77,1043415.23,67.5,Oncozin,North,Jaipur,30,70
REP015,2024-10,1471023.88,956199.65,65.0,Oncozin,North,Jaipur,11,47
REP015,2024-11,1346650.07,600485.43,44.59,Oncozin,North,Jaipur,9,78
REP015,2024-12,1323115.33,669831.09,50.63,Oncozin,North,Jaipur,6,30
REP016,2024-01,1443657.45,1407114.6,97.47,Immunoboost,North,Jaipur,14,48
REP016,2024-02,1477681.53,1163387.68,78.73,Immunoboost,North,Jaipur,27,45
REP016,2024-03,1424082.47,1470796.47,103.28,Immunoboost,North,Jaipur,20,48
REP016,2024-04,1292905.14,1000879.96,77.41,Immunoboost,North,Jaipur,18,67
REP016,2024-05,1352855.37,1145457.88,84.67,Immunoboost,North,Jaipur,7,34
REP016,2024-06,1519625.52,1578242.54,103.86,Immunoboost,North,Jaipur,23,57
REP016,2024-07,1566221.03,1621408.21,103.52,Immunoboost,North,Jaipur,26,72
REP016,2024-08,1293010.76,1074302.27,83.09,Immunoboost,North,Jaipur,29,31
REP016,2024-09,1467096.33,1307403.25,89.12,Immunoboost,North,Jaipur,13,31
REP016,2024-10,1405688.71,1474685.03,104.91,Immunoboost,North,Jaipur,20,25
REP016,2024-11,1397846.49,1245485.58,89.1,Immunoboost,North,Jaipur,15,62
REP016,2024-12,1327354.45,1037168.17,78.14,Immunoboost,North,Jaipur,18,64
REP017,2024-01,1080273.34,1024936.4,94.88,Cardivex,Central,Raipur,29,55
REP017,2024-02,1011408.42,769691.05,76.1,Cardivex,Central,Raipur,13,40
REP017,2024-03,1162299.45,912145.27,78.48,Cardivex,Central,Raipur,21,72
REP017,2024-04,1136973.22,1189769.44,104.64,Cardivex,Central,Raipur,22,49
REP017,2024-05,1033347.57,903119.19,87.4,Cardivex,Central,Raipur,16,59
REP017,2024-06,1129863.55,1103800.93,97.69,Cardivex,Central,Raipur,29,23
REP017,2024-07,1113068.15,902773.37,81.11,Cardivex,Central,Raipur,14,48
REP017,2024-08,1098847.81,1114510.77,101.43,Cardivex,Central,Raipur,5,60
REP017,2024-09,1044747.79,974396.04,93.27,Cardivex,Central,Raipur,10,39
REP017,2024-10,1113736.49,1019349.22,91.53,Cardivex,Central,Raipur,7,34
REP017,2024-11,1193245.75,1250136.3,104.77,Cardivex,Central,Raipur,19,80
REP017,2024-12,1175436.84,922999.84,78.52,Cardivex,Central,Raipur,20,79
REP018,2024-01,1055918.82,637298.54,60.35,Immunoboost,East,Ranchi,20,50
REP018,2024-02,1117379.23,555887.64,49.75,Immunoboost,East,Ranchi,17,32
REP018,2024-03,1107861.95,851665.84,76.87,Immunoboost,East,Ranchi,9,75
REP018,2024-04,1166356.87,499112.13,42.79,Immunoboost,East,Ranchi,18,41
REP018,2024-05,1107750.63,857065.95,77.37,Immunoboost,East,Ranchi,5,38
REP018,2024-06,1180691.31,815173.36,69.04,Immunoboost,East,Ranchi,23,62
REP018,2024-07,1028305.57,612722.18,59.59,Immunoboost,East,Ranchi,22,50
REP018,2024-08,1117523.54,601283.07,53.8,Immunoboost,East,Ranchi,22,44
REP018,2024-09,1066614.76,620916.82,58.21,Immunoboost,East,Ranchi,11,64
REP018,2024-10,1080151.24,535238.94,49.55,Immunoboost,East,Ranchi,29,46
REP018,2024-11,1160169.69,484323.18,41.75,Immunoboost,East,Ranchi,27,78
REP018,2024-12,1080838.73,783136.36,72.46,Immunoboost,East,Ranchi,26,70
REP019,2024-01,870647.71,520761.79,59.81,Diabetrol,North,Delhi,21,57
REP019,2024-02,882803.53,470355.85,53.28,Diabetrol,North,Delhi,19,26
REP019,2024-03,951227.56,580610.69,61.04,Diabetrol,North,Delhi,28,29
REP019,2024-04,989195.32,557897.7,56.4,Diabetrol,North,Delhi,9,24
REP019,2024-05,1049532.52,616911.27,58.78,Diabetrol,North,Delhi,15,59
REP019,2024-06,988246.44,669123.72,67.71,Diabetrol,North,Delhi,15,74
REP019,2024-07,965945.07,646934.95,66.97,Diabetrol,North,Delhi,15,60
REP019,2024-08,1009271.84,693861.24,68.75,Diabetrol,North,Delhi,22,22
REP019,2024-09,908595.78,587846.74,64.7,Diabetrol,North,Delhi,26,78
REP019,2024-10,907198.0,467163.06,51.5,Diabetrol,North,Delhi,7,47
REP019,2024-11,1009457.58,798819.21,79.13,Diabetrol,North,Delhi,27,75
REP019,2024-12,895468.87,394187.99,44.02,Diabetrol,North,Delhi,14,77
REP020,2024-01,772922.85,822027.51,106.35,Diabetrol,East,Kolkata,16,43
REP020,2024-02,804829.37,885908.19,110.07,Diabetrol,East,Kolkata,18,56
REP020,2024-03,793948.25,943710.81,118.86,Diabetrol,East,Kolkata,10,25
REP020,2024-04,828299.23,963578.82,116.33,Diabetrol,East,Kolkata,26,35
REP020,2024-05,862332.19,969419.65,112.42,Diabetrol,East,Kolkata,12,49
REP020,2024-06,841366.34,987147.04,117.33,Diabetrol,East,Kolkata,26,20
REP020,2024-07,842330.39,1065226.16,126.46,Diabetrol,East,Kolkata,14,63
REP020,2024-08,775932.8,885579.36,114.13,Diabetrol,East,Kolkata,16,57
REP020,2024-09,926605.92,977294.96,105.47,Diabetrol,East,Kolkata,27,36
REP020,2024-10,814655.93,904180.54,110.99,Diabetrol,East,Kolkata,17,74
REP020,2024-11,803643.26,899375.51,111.91,Diabetrol,East,Kolkata,23,42
REP020,2024-12,931807.74,1072682.33,115.12,Diabetrol,East,Kolkata,14,21
REP021,2024-01,1231053.17,627581.25,50.98,Diabetrol,North,Jaipur,26,69
REP021,2024-02,1105446.87,771455.48,69.79,Diabetrol,North,Jaipur,24,67
REP021,2024-03,1313244.32,786227.44,59.87,Diabetrol,North,Jaipur,14,69
REP021,2024-04,1241049.48,892989.77,71.95,Diabetrol,North,Jaipur,16,34
REP021,2024-05,1244409.33,814649.02,65.46,Diabetrol,North,Jaipur,26,68
REP021,2024-06,1253714.13,863020.89,68.84,Diabetrol,North,Jaipur,9,60
REP021,2024-07,1246005.14,546828.76,43.89,Diabetrol,North,Jaipur,6,39
REP021,2024-08,1101636.59,788159.51,71.54,Diabetrol,North,Jaipur,16,66
REP021,2024-09,1314574.18,594929.9,45.26,Diabetrol,North,Jaipur,15,67
REP021,2024-10,1142323.22,646784.82,56.62,Diabetrol,North,Jaipur,30,54
REP021,2024-11,1182434.52,887516.72,75.06,Diabetrol,North,Jaipur,21,78
REP021,2024-12,1133514.15,576971.1,50.9,Diabetrol,North,Jaipur,20,71
REP022,2024-01,1147851.49,1137830.47,99.13,Oncozin,West,Ahmedabad,7,29
REP022,2024-02,1091775.78,1065841.13,97.62,Oncozin,West,Ahmedabad,26,66
REP022,2024-03,1131466.61,1077520.4,95.23,Oncozin,West,Ahmedabad,30,55
REP022,2024-04,1222325.3,1050872.81,85.97,Oncozin,West,Ahmedabad,5,36
REP022,2024-05,1144722.05,1042809.39,91.1,Oncozin,West,Ahmedabad,26,67
REP022,2024-06,1174704.22,1117968.64,95.17,Oncozin,West,Ahmedabad,25,80
REP022,2024-07,1195561.12,1029906.67,86.14,Oncozin,West,Ahmedabad,20,21
REP022,2024-08,1257554.96,1176900.49,93.59,Oncozin,West,Ahmedabad,15,78
REP022,2024-09,1189280.66,1109628.18,93.3,Oncozin,West,Ahmedabad,25,72
REP022,2024-10,1201623.58,1068580.13,88.93,Oncozin,West,Ahmedabad,25,46
REP022,2024-11,1050127.84,824353.27,78.5,Oncozin,West,Ahmedabad,6,39
REP022,2024-12,1066478.93,1118499.87,104.88,Oncozin,West,Ahmedabad,12,76
REP023,2024-01,917946.02,509880.76,55.55,Diabetrol,East,Patna,28,64
REP023,2024-02,927013.37,721577.6,77.84,Diabetrol,East,Patna,28,66
REP023,2024-03,926213.92,427734.07,46.18,Diabetrol,East,Patna,8,73
REP023,2024-04,924938.37,551021.69,59.57,Diabetrol,East,Patna,13,22
REP023,2024-05,888973.25,601045.72,67.61,Diabetrol,East,Patna,19,80
REP023,2024-06,916377.07,453098.11,49.44,Diabetrol,East,Patna,26,43
REP023,2024-07,1032303.81,637743.2,61.78,Diabetrol,East,Patna,16,23
REP023,2024-08,883798.18,494269.31,55.93,Diabetrol,East,Patna,8,80
REP023,2024-09,933720.45,690218.55,73.92,Diabetrol,East,Patna,26,33
REP023,2024-10,960561.23,630783.07,65.67,Diabetrol,East,Patna,5,23
REP023,2024-11,893929.35,638907.25,71.47,Diabetrol,East,Patna,9,70
REP023,2024-12,860958.24,538814.52,62.58,Diabetrol,East,Patna,29,55
REP024,2024-01,1519480.97,1558353.81,102.56,Diabetrol,East,Kolkata,15,69
REP024,2024-02,1528206.63,1530718.94,100.16,Diabetrol,East,Kolkata,5,37
REP024,2024-03,1314323.15,1643485.06,125.04,Diabetrol,East,Kolkata,9,54
REP024,2024-04,1322758.34,1372664.65,103.77,Diabetrol,East,Kolkata,26,75
REP024,2024-05,1277585.38,1225233.83,95.9,Diabetrol,East,Kolkata,30,70
REP024,2024-06,1364999.01,1410420.8,103.33,Diabetrol,East,Kolkata,10,36
REP024,2024-07,1483266.78,1436306.04,96.83,Diabetrol,East,Kolkata,21,27
REP024,2024-08,1408145.24,1705239.73,121.1,Diabetrol,East,Kolkata,29,43
REP024,2024-09,1304239.68,1473312.56,112.96,Diabetrol,East,Kolkata,21,34
REP024,2024-10,1285651.45,1646785.13,128.09,Diabetrol,East,Kolkata,30,78
REP024,2024-11,1420937.12,1781064.14,125.34,Diabetrol,East,Kolkata,19,61
REP024,2024-12,1290592.27,1661520.32,128.74,Diabetrol,East,Kolkata,20,74
REP025,2024-01,1244553.09,1189580.25,95.58,Immunoboost,South,Coimbatore,19,24
REP025,2024-02,1202615.4,1226403.17,101.98,Immunoboost,South,Coimbatore,9,24
REP025,2024-03,1277984.29,1006869.47,78.79,Immunoboost,South,Coimbatore,23,55
REP025,2024-04,1217278.03,1173024.91,96.36,Immunoboost,South,Coimbatore,24,53
REP025,2024-05,1248364.42,1046715.27,83.85,Immunoboost,South,Coimbatore,18,26
REP025,2024-06,1150816.41,1136924.71,98.79,Immunoboost,South,Coimbatore,25,61
REP025,2024-07,1259782.8,1276552.86,101.33,Immunoboost,South,Coimbatore,11,47
REP025,2024-08,1179267.38,1044201.73,88.55,Immunoboost,South,Coimbatore,15,72
REP025,2024-09,1226028.15,1086321.84,88.6,Immunoboost,South,Coimbatore,8,40
REP025,2024-10,1288157.24,1131039.67,87.8,Immunoboost,South,Coimbatore,16,29
REP025,2024-11,1240562.51,1186035.21,95.6,Immunoboost,South,Coimbatore,7,73
REP025,2024-12,1229990.28,953991.91,77.56,Immunoboost,South,Coimbatore,28,67
REP026,2024-01,952628.79,873476.02,91.69,Diabetrol,South,Kochi,22,55
REP026,2024-02,865683.83,734873.63,84.89,Diabetrol,South,Kochi,16,75
REP026,2024-03,983309.99,933753.28,94.96,Diabetrol,South,Kochi,28,23
REP026,2024-04,955240.5,993946.46,104.05,Diabetrol,South,Kochi,16,26
REP026,2024-05,882634.71,815003.32,92.34,Diabetrol,South,Kochi,26,50
REP026,2024-06,863059.4,705355.54,81.73,Diabetrol,South,Kochi,22,43
REP026,2024-07,894963.7,702068.23,78.45,Diabetrol,South,Kochi,12,71
REP026,2024-08,947853.08,832910.47,87.87,Diabetrol,South,Kochi,29,72
REP026,2024-09,969205.86,907677.9,93.65,Diabetrol,South,Kochi,22,21
REP026,2024-10,965994.74,900981.82,93.27,Diabetrol,South,Kochi,27,37
REP026,2024-11,893971.49,678243.61,75.87,Diabetrol,South,Kochi,29,39
REP026,2024-12,908533.62,932574.56,102.65,Diabetrol,South,Kochi,10,75
REP027,2024-01,1273845.05,1503227.12,118.01,Neuraplex,East,Ranchi,28,60
REP027,2024-02,1280025.92,1651404.47,129.01,Neuraplex,East,Ranchi,21,33
REP027,2024-03,1380908.02,1493684.08,108.17,Neuraplex,East,Ranchi,10,43
REP027,2024-04,1344873.92,1424319.77,105.91,Neuraplex,East,Ranchi,23,58
REP027,2024-05,1269112.55,1243393.94,97.97,Neuraplex,East,Ranchi,10,68
REP027,2024-06,1442326.56,1682103.78,116.62,Neuraplex,East,Ranchi,13,48
REP027,2024-07,1389832.97,1642335.8,118.17,Neuraplex,East,Ranchi,19,46
REP027,2024-08,1464899.48,1531711.2,104.56,Neuraplex,East,Ranchi,8,42
REP027,2024-09,1333406.49,1467373.53,110.05,Neuraplex,East,Ranchi,26,57
REP027,2024-10,1440420.87,1613734.42,112.03,Neuraplex,East,Ranchi,6,34
REP027,2024-11,1421518.42,1547098.47,108.83,Neuraplex,East,Ranchi,5,33
REP027,2024-12,1313331.85,1386217.54,105.55,Neuraplex,East,Ranchi,9,68
REP028,2024-01,994862.3,844077.69,84.84,Diabetrol,East,Kolkata,28,47
REP028,2024-02,1077068.62,864572.07,80.27,Diabetrol,East,Kolkata,27,34
REP028,2024-03,1177078.74,1059463.51,90.01,Diabetrol,East,Kolkata,30,42
REP028,2024-04,1183348.9,913098.81,77.16,Diabetrol,East,Kolkata,6,47
REP028,2024-05,1196458.14,904070.64,75.56,Diabetrol,East,Kolkata,15,56
REP028,2024-06,1082413.0,951208.61,87.88,Diabetrol,East,Kolkata,25,46
REP028,2024-07,1082547.5,905934.81,83.69,Diabetrol,East,Kolkata,15,30
REP028,2024-08,1129577.41,1118729.68,99.04,Diabetrol,East,Kolkata,27,78
REP028,2024-09,1089539.2,935430.21,85.86,Diabetrol,East,Kolkata,8,35
REP028,2024-10,1081536.14,952512.07,88.07,Diabetrol,East,Kolkata,7,45
REP028,2024-11,1157756.47,1170673.93,101.12,Diabetrol,East,Kolkata,12,41
REP028,2024-12,1010013.34,993585.83,98.37,Diabetrol,East,Kolkata,25,27
REP029,2024-01,1408460.63,672626.55,47.76,Diabetrol,North,Lucknow,16,66
REP029,2024-02,1373548.22,1075885.68,78.33,Diabetrol,North,Lucknow,9,35
REP029,2024-03,1269580.03,560039.44,44.11,Diabetrol,North,Lucknow,10,58
REP029,2024-04,1403902.33,647406.63,46.11,Diabetrol,North,Lucknow,7,31
REP029,2024-05,1368878.23,1068432.54,78.05,Diabetrol,North,Lucknow,19,68
REP029,2024-06,1355936.58,848130.46,62.55,Diabetrol,North,Lucknow,26,79
REP029,2024-07,1372893.9,1033540.97,75.28,Diabetrol,North,Lucknow,24,40
REP029,2024-08,1368683.0,1020625.2,74.57,Diabetrol,North,Lucknow,9,48
REP029,2024-09,1319295.75,563754.21,42.73,Diabetrol,North,Lucknow,14,70
REP029,2024-10,1216245.54,620126.47,50.99,Diabetrol,North,Lucknow,21,24
REP029,2024-11,1321886.67,692884.27,52.42,Diabetrol,North,Lucknow,6,43
REP029,2024-12,1221733.63,895138.15,73.27,Diabetrol,North,Lucknow,7,59
REP030,2024-01,1353093.92,749333.93,55.38,Neuraplex,East,Kolkata,30,67
REP030,2024-02,1318311.08,999742.14,75.84,Neuraplex,East,Kolkata,30,56
REP030,2024-03,1284164.47,848492.39,66.07,Neuraplex,East,Kolkata,20,52
REP030,2024-04,1215008.53,559322.41,46.03,Neuraplex,East,Kolkata,8,71
REP030,2024-05,1290000.25,979949.64,75.97,Neuraplex,East,Kolkata,27,25
REP030,2024-06,1244488.41,748957.52,60.18,Neuraplex,East,Kolkata,12,65
REP030,2024-07,1315564.61,756585.56,57.51,Neuraplex,East,Kolkata,21,59
REP030,2024-08,1297834.42,601544.29,46.35,Neuraplex,East,Kolkata,14,44
REP030,2024-09,1288649.74,726164.13,56.35,Neuraplex,East,Kolkata,24,23
REP030,2024-10,1370932.28,981163.58,71.57,Neuraplex,East,Kolkata,7,41
REP030,2024-11,1379208.52,603820.77,43.78,Neuraplex,East,Kolkata,14,36
REP030,2024-12,1373398.25,946949.11,68.95,Neuraplex,East,Kolkata,24,75
REP031,2024-01,1187171.22,1161677.55,97.85,Diabetrol,Central,Raipur,16,39
REP031,2024-02,1195187.73,1540230.99,128.87,Diabetrol,Central,Raipur,17,28
REP031,2024-03,1250256.52,1448127.66,115.83,Diabetrol,Central,Raipur,14,55
REP031,2024-04,1216611.29,1316176.03,108.18,Diabetrol,Central,Raipur,9,62
REP031,2024-05,1252350.19,1497799.31,119.6,Diabetrol,Central,Raipur,26,78
REP031,2024-06,1183127.71,1341948.02,113.42,Diabetrol,Central,Raipur,18,52
REP031,2024-07,1117964.69,1203645.32,107.66,Diabetrol,Central,Raipur,10,80
REP031,2024-08,1252478.86,1283750.04,102.5,Diabetrol,Central,Raipur,20,32
REP031,2024-09,1066227.29,1097457.16,102.93,Diabetrol,Central,Raipur,7,38
REP031,2024-10,1057852.87,1317608.58,124.55,Diabetrol,Central,Raipur,29,54
REP031,2024-11,1237767.75,1537668.9,124.23,Diabetrol,Central,Raipur,6,62
REP031,2024-12,1210782.05,1292954.83,106.79,Diabetrol,Central,Raipur,9,58
REP032,2024-01,1025478.89,819023.5,79.87,Diabetrol,West,Surat,29,59
REP032,2024-02,897411.79,890872.46,99.27,Diabetrol,West,Surat,19,22
REP032,2024-03,995668.23,869474.83,87.33,Diabetrol,West,Surat,12,48
REP032,2024-04,1010292.19,942783.08,93.32,Diabetrol,West,Surat,30,48
REP032,2024-05,911574.32,747674.06,82.02,Diabetrol,West,Surat,30,70
REP032,2024-06,1026203.73,914044.46,89.07,Diabetrol,West,Surat,16,63
REP032,2024-07,1054926.51,1090940.7,103.41,Diabetrol,West,Surat,19,69
REP032,2024-08,939023.28,783644.53,83.45,Diabetrol,West,Surat,21,46
REP032,2024-09,1022698.71,1063484.39,103.99,Diabetrol,West,Surat,30,58
REP032,2024-10,913658.37,723178.47,79.15,Diabetrol,West,Surat,25,50
REP032,2024-11,972235.86,984131.24,101.22,Diabetrol,West,Surat,8,65
REP032,2024-12,1029291.44,1033169.48,100.38,Diabetrol,West,Surat,14,25
REP033,2024-01,1088942.33,1205744.16,110.73,Neuraplex,South,Hyderabad,18,25
REP033,2024-02,1025666.32,1314129.48,128.12,Neuraplex,South,Hyderabad,19,76
REP033,2024-03,983230.79,1054372.23,107.24,Neuraplex,South,Hyderabad,6,45
REP033,2024-04,1028650.78,1157954.74,112.57,Neuraplex,South,Hyderabad,7,43
REP033,2024-05,1046658.83,1076581.31,102.86,Neuraplex,South,Hyderabad,8,73
REP033,2024-06,1050265.68,1260472.68,120.01,Neuraplex,South,Hyderabad,9,28
REP033,2024-07,1176703.95,1133643.79,96.34,Neuraplex,South,Hyderabad,20,64
REP033,2024-08,1142264.47,1417423.04,124.09,Neuraplex,South,Hyderabad,20,48
REP033,2024-09,1174197.66,1368376.94,116.54,Neuraplex,South,Hyderabad,5,36
REP033,2024-10,1009914.72,1035646.5,102.55,Neuraplex,South,Hyderabad,28,58
REP033,2024-11,1001588.52,1136522.55,113.47,Neuraplex,South,Hyderabad,14,35
REP033,2024-12,987809.38,1042536.9,105.54,Neuraplex,South,Hyderabad,18,60
REP034,2024-01,1365464.13,580490.02,42.51,Diabetrol,South,Coimbatore,20,58
REP034,2024-02,1313080.47,806784.89,61.44,Diabetrol,South,Coimbatore,23,35
REP034,2024-03,1225912.1,842713.71,68.74,Diabetrol,South,Coimbatore,5,59
REP034,2024-04,1297398.27,702056.48,54.11,Diabetrol,South,Coimbatore,10,62
REP034,2024-05,1285326.84,857680.56,66.73,Diabetrol,South,Coimbatore,16,24
REP034,2024-06,1290596.97,1008422.75,78.14,Diabetrol,South,Coimbatore,30,52
REP034,2024-07,1251289.1,777877.36,62.17,Diabetrol,South,Coimbatore,20,22
REP034,2024-08,1402398.48,917544.89,65.43,Diabetrol,South,Coimbatore,13,67
REP034,2024-09,1353139.77,550047.11,40.65,Diabetrol,South,Coimbatore,16,35
REP034,2024-10,1312134.29,909540.53,69.32,Diabetrol,South,Coimbatore,29,57
REP034,2024-11,1236465.61,858199.61,69.41,Diabetrol,South,Coimbatore,6,42
REP034,2024-12,1359533.51,840743.0,61.84,Diabetrol,South,Coimbatore,10,73
REP035,2024-01,1281665.1,1015498.73,79.23,Immunoboost,East,Ranchi,10,71
REP035,2024-02,1342810.29,609556.69,45.39,Immunoboost,East,Ranchi,19,22
REP035,2024-03,1169750.22,605201.89,51.74,Immunoboost,East,Ranchi,11,76
REP035,2024-04,1398758.33,582949.85,41.68,Immunoboost,East,Ranchi,21,45
REP035,2024-05,1298269.75,1032967.14,79.56,Immunoboost,East,Ranchi,13,22
REP035,2024-06,1207670.16,846958.85,70.13,Immunoboost,East,Ranchi,16,75
REP035,2024-07,1381362.52,983995.12,71.23,Immunoboost,East,Ranchi,15,37
REP035,2024-08,1253215.07,563683.61,44.98,Immunoboost,East,Ranchi,17,67
REP035,2024-09,1404707.15,808963.34,57.59,Immunoboost,East,Ranchi,15,31
REP035,2024-10,1286554.43,769978.75,59.85,Immunoboost,East,Ranchi,30,53
REP035,2024-11,1179740.17,597760.52,50.67,Immunoboost,East,Ranchi,18,25
REP035,2024-12,1414649.28,809522.95,57.22,Immunoboost,East,Ranchi,10,54
REP036,2024-01,1097689.39,857053.23,78.08,Neuraplex,Central,Jabalpur,14,39
REP036,2024-02,1186302.45,1048424.13,88.38,Neuraplex,Central,Jabalpur,10,64
REP036,2024-03,1124793.25,993386.48,88.32,Neuraplex,Central,Jabalpur,28,75
REP036,2024-04,1162926.95,1190235.0,102.35,Neuraplex,Central,Jabalpur,18,37
REP036,2024-05,1203085.22,1133114.73,94.18,Neuraplex,Central,Jabalpur,6,24
REP036,2024-06,1115489.7,1061226.89,95.14,Neuraplex,Central,Jabalpur,21,71
REP036,2024-07,1059507.63,1032987.51,97.5,Neuraplex,Central,Jabalpur,5,29
REP036,2024-08,1177304.78,1182721.32,100.46,Neuraplex,Central,Jabalpur,19,22
REP036,2024-09,1076789.17,848368.81,78.79,Neuraplex,Central,Jabalpur,25,43
REP036,2024-10,1239006.1,1063866.61,85.86,Neuraplex,Central,Jabalpur,6,58
REP036,2024-11,1125428.26,895876.28,79.6,Neuraplex,Central,Jabalpur,16,43
REP036,2024-12,1040613.49,919050.88,88.32,Neuraplex,Central,Jabalpur,9,53
REP037,2024-01,1163484.8,982348.41,84.43,Oncozin,South,Chennai,8,21
REP037,2024-02,1217135.23,1181476.16,97.07,Oncozin,South,Chennai,17,78
REP037,2024-03,1159366.91,1064880.61,91.85,Oncozin,South,Chennai,13,65
REP037,2024-04,1338219.8,1182828.31,88.39,Oncozin,South,Chennai,14,64
REP037,2024-05,1215225.48,1245537.67,102.49,Oncozin,South,Chennai,8,28
REP037,2024-06,1205691.66,1212742.41,100.58,Oncozin,South,Chennai,27,48
REP037,2024-07,1292969.77,1356556.37,104.92,Oncozin,South,Chennai,15,62
REP037,2024-08,1111442.15,949424.55,85.42,Oncozin,South,Chennai,22,38
REP037,2024-09,1302915.38,1325585.47,101.74,Oncozin,South,Chennai,27,65
REP037,2024-10,1250894.32,1286166.21,102.82,Oncozin,South,Chennai,30,43
REP037,2024-11,1125179.75,1015617.31,90.26,Oncozin,South,Chennai,11,70
REP037,2024-12,1288066.17,1019714.41,79.17,Oncozin,South,Chennai,5,43
REP038,2024-01,1485105.9,813191.22,54.76,Immunoboost,West,Mumbai,22,28
REP038,2024-02,1284210.05,828032.11,64.48,Immunoboost,West,Mumbai,14,45
REP038,2024-03,1461362.83,1168853.55,79.98,Immunoboost,West,Mumbai,21,46
REP038,2024-04,1490615.95,1054857.96,70.77,Immunoboost,West,Mumbai,7,28
REP038,2024-05,1439932.97,1136037.84,78.9,Immunoboost,West,Mumbai,19,49
REP038,2024-06,1356537.78,911652.52,67.2,Immunoboost,West,Mumbai,29,55
REP038,2024-07,1311020.84,859921.61,65.59,Immunoboost,West,Mumbai,9,47
REP038,2024-08,1503180.85,903630.43,60.11,Immunoboost,West,Mumbai,8,53
REP038,2024-09,1306174.89,602415.94,46.12,Immunoboost,West,Mumbai,15,79
REP038,2024-10,1356960.12,927798.22,68.37,Immunoboost,West,Mumbai,21,77
REP038,2024-11,1282150.37,658537.21,51.36,Immunoboost,West,Mumbai,11,60
REP038,2024-12,1336918.86,1046193.36,78.25,Immunoboost,West,Mumbai,25,39
REP039,2024-01,1397723.44,611324.2,43.74,Cardivex,North,Chandigarh,23,80
REP039,2024-02,1269998.55,802967.51,63.23,Cardivex,North,Chandigarh,24,66
REP039,2024-03,1315244.27,1000638.31,76.08,Cardivex,North,Chandigarh,23,22
REP039,2024-04,1231166.94,898868.22,73.01,Cardivex,North,Chandigarh,6,80
REP039,2024-05,1380264.44,906256.09,65.66,Cardivex,North,Chandigarh,25,33
REP039,2024-06,1336713.75,944767.36,70.68,Cardivex,North,Chandigarh,25,21
REP039,2024-07,1393965.15,835285.14,59.92,Cardivex,North,Chandigarh,14,61
REP039,2024-08,1354755.06,1060312.69,78.27,Cardivex,North,Chandigarh,30,71
REP039,2024-09,1304318.65,879105.99,67.4,Cardivex,North,Chandigarh,7,64
REP039,2024-10,1342972.04,569373.43,42.4,Cardivex,North,Chandigarh,20,49
REP039,2024-11,1388390.62,668661.7,48.16,Cardivex,North,Chandigarh,15,75
REP039,2024-12,1423065.85,978137.42,68.73,Cardivex,North,Chandigarh,16,45
REP040,2024-01,1094925.85,1237532.33,113.02,Diabetrol,West,Nagpur,12,49
REP040,2024-02,1176557.58,1168183.63,99.29,Diabetrol,West,Nagpur,9,26
REP040,2024-03,1294410.46,1252616.35,96.77,Diabetrol,West,Nagpur,24,46
REP040,2024-04,1275375.44,1322429.91,103.69,Diabetrol,West,Nagpur,10,72
REP040,2024-05,1207005.81,1284981.45,106.46,Diabetrol,West,Nagpur,15,32
REP040,2024-06,1188126.71,1446060.08,121.71,Diabetrol,West,Nagpur,21,49
REP040,2024-07,1143027.58,1285409.84,112.46,Diabetrol,West,Nagpur,5,25
REP040,2024-08,1189833.19,1523975.81,128.08,Diabetrol,West,Nagpur,12,33
REP040,2024-09,1081251.52,1247948.54,115.42,Diabetrol,West,Nagpur,14,51
REP040,2024-10,1270037.04,1472140.02,115.91,Diabetrol,West,Nagpur,26,50
REP040,2024-11,1071628.93,1125223.17,105.0,Diabetrol,West,Nagpur,8,47
REP040,2024-12,1132552.37,1129015.67,99.69,Diabetrol,West,Nagpur,16,68
REP041,2024-01,1077452.9,822713.64,76.36,Cardivex,West,Surat,22,32
REP041,2024-02,1133666.02,973543.78,85.88,Cardivex,West,Surat,17,52
REP041,2024-03,1195516.3,1058159.02,88.51,Cardivex,West,Surat,24,63
REP041,2024-04,1095801.81,1022726.01,93.33,Cardivex,West,Surat,8,45
REP041,2024-05,1298956.38,1119647.79,86.2,Cardivex,West,Surat,22,80
REP041,2024-06,1099495.93,945216.76,85.97,Cardivex,West,Surat,24,52
REP041,2024-07,1074871.75,935585.7,87.04,Cardivex,West,Surat,6,28
REP041,2024-08,1255674.67,1210567.76,96.41,Cardivex,West,Surat,21,49
REP041,2024-09,1276784.02,1014637.53,79.47,Cardivex,West,Surat,9,40
REP041,2024-10,1140751.33,1174301.53,102.94,Cardivex,West,Surat,17,59
REP041,2024-11,1136183.22,1104138.09,97.18,Cardivex,West,Surat,15,52
REP041,2024-12,1191369.22,1189566.45,99.85,Cardivex,West,Surat,27,56
REP042,2024-01,1263786.74,1257119.82,99.47,Immunoboost,West,Nagpur,26,27
REP042,2024-02,1319688.41,1377714.33,104.4,Immunoboost,West,Nagpur,30,77
REP042,2024-03,1346774.63,1303135.44,96.76,Immunoboost,West,Nagpur,5,58
REP042,2024-04,1419207.82,1266468.5,89.24,Immunoboost,West,Nagpur,30,69
REP042,2024-05,1227232.4,1133401.03,92.35,Immunoboost,West,Nagpur,6,57
REP042,2024-06,1304250.52,1166175.56,89.41,Immunoboost,West,Nagpur,28,59
REP042,2024-07,1266858.37,1244538.65,98.24,Immunoboost,West,Nagpur,26,35
REP042,2024-08,1414310.48,1074128.01,75.95,Immunoboost,West,Nagpur,8,32
REP042,2024-09,1249596.06,944296.26,75.57,Immunoboost,West,Nagpur,9,46
REP042,2024-10,1274694.69,1220074.12,95.72,Immunoboost,West,Nagpur,29,59
REP042,2024-11,1394740.49,1431221.72,102.62,Immunoboost,West,Nagpur,28,66
REP042,2024-12,1204009.11,925503.0,76.87,Immunoboost,West,Nagpur,11,55
REP043,2024-01,1457580.51,1302364.65,89.35,Oncozin,Central,Bhopal,10,49
REP043,2024-02,1447269.86,1481479.33,102.36,Oncozin,Central,Bhopal,16,63
REP043,2024-03,1560424.71,1531708.11,98.16,Oncozin,Central,Bhopal,25,71
REP043,2024-04,1527294.58,1463139.03,95.8,Oncozin,Central,Bhopal,11,35
REP043,2024-05,1434170.63,1195670.81,83.37,Oncozin,Central,Bhopal,14,69
REP043,2024-06,1406906.48,1177160.4,83.67,Oncozin,Central,Bhopal,27,51
REP043,2024-07,1449205.44,1224741.24,84.51,Oncozin,Central,Bhopal,30,66
REP043,2024-08,1381381.11,1149360.56,83.2,Oncozin,Central,Bhopal,26,54
REP043,2024-09,1637904.9,1414999.57,86.39,Oncozin,Central,Bhopal,16,69
REP043,2024-10,1431765.7,1419430.68,99.14,Oncozin,Central,Bhopal,14,65
REP043,2024-11,1621122.57,1254276.85,77.37,Oncozin,Central,Bhopal,25,36
REP043,2024-12,1408911.66,1372563.93,97.42,Oncozin,Central,Bhopal,22,37
REP044,2024-01,1109912.64,504909.45,45.49,Cardivex,Central,Raipur,23,35
REP044,2024-02,1121662.69,557447.53,49.7,Cardivex,Central,Raipur,21,34
REP044,2024-03,987722.13,647133.64,65.52,Cardivex,Central,Raipur,18,41
REP044,2024-04,998148.02,685671.02,68.69,Cardivex,Central,Raipur,29,28
REP044,2024-05,1095739.64,440566.86,40.21,Cardivex,Central,Raipur,10,46
REP044,2024-06,1167401.41,771835.76,66.12,Cardivex,Central,Raipur,20,50
REP044,2024-07,1140338.23,752868.95,66.02,Cardivex,Central,Raipur,14,40
REP044,2024-08,989169.59,508597.51,51.42,Cardivex,Central,Raipur,29,25
REP044,2024-09,1026716.69,678577.07,66.09,Cardivex,Central,Raipur,28,66
REP044,2024-10,984425.84,728606.29,74.01,Cardivex,Central,Raipur,10,46
REP044,2024-11,1014473.15,763794.79,75.29,Cardivex,Central,Raipur,6,73
REP044,2024-12,1083813.48,605632.62,55.88,Cardivex,Central,Raipur,28,75
REP045,2024-01,850693.89,640385.47,75.28,Oncozin,North,Lucknow,8,79
REP045,2024-02,803123.12,839181.88,104.49,Oncozin,North,Lucknow,25,54
REP045,2024-03,904626.09,820763.23,90.73,Oncozin,North,Lucknow,9,74
REP045,2024-04,801155.07,722052.06,90.13,Oncozin,North,Lucknow,30,27
REP045,2024-05,878081.03,745671.0,84.92,Oncozin,North,Lucknow,25,36
REP045,2024-06,757721.53,731640.34,96.56,Oncozin,North,Lucknow,15,70
REP045,2024-07,868560.49,728294.29,83.85,Oncozin,North,Lucknow,11,31
REP045,2024-08,862572.12,805026.79,93.33,Oncozin,North,Lucknow,17,72
REP045,2024-09,810402.25,711785.19,87.83,Oncozin,North,Lucknow,17,62
REP045,2024-10,920140.33,716435.55,77.86,Oncozin,North,Lucknow,20,40
REP045,2024-11,756503.88,779764.58,103.07,Oncozin,North,Lucknow,17,35
REP045,2024-12,800174.32,707370.63,88.4,Oncozin,North,Lucknow,15,39
REP046,2024-01,1443758.01,584107.38,40.46,Neuraplex,South,Kochi,27,35
REP046,2024-02,1293754.13,549651.1,42.48,Neuraplex,South,Kochi,14,30
REP046,2024-03,1401411.09,787826.57,56.22,Neuraplex,South,Kochi,27,69
REP046,2024-04,1293527.46,678314.39,52.44,Neuraplex,South,Kochi,14,43
REP046,2024-05,1322021.41,853827.76,64.59,Neuraplex,South,Kochi,9,50
REP046,2024-06,1470105.69,678121.86,46.13,Neuraplex,South,Kochi,24,43
REP046,2024-07,1414497.6,801084.09,56.63,Neuraplex,South,Kochi,20,68
REP046,2024-08,1446674.58,889715.1,61.5,Neuraplex,South,Kochi,11,68
REP046,2024-09,1472067.99,734541.57,49.9,Neuraplex,South,Kochi,30,25
REP046,2024-10,1408597.45,859529.91,61.02,Neuraplex,South,Kochi,16,24
REP046,2024-11,1292068.78,990884.81,76.69,Neuraplex,South,Kochi,22,77
REP046,2024-12,1421071.72,855762.03,60.22,Neuraplex,South,Kochi,9,30
REP047,2024-01,1394138.67,1230400.1,88.26,Cardivex,East,Ranchi,27,57
REP047,2024-02,1452967.46,1302800.93,89.66,Cardivex,East,Ranchi,19,71
REP047,2024-03,1246564.61,955729.54,76.67,Cardivex,East,Ranchi,18,49
REP047,2024-04,1361440.7,1251400.02,91.92,Cardivex,East,Ranchi,26,71
REP047,2024-05,1216914.24,1025190.46,84.25,Cardivex,East,Ranchi,13,72
REP047,2024-06,1269697.64,953421.85,75.09,Cardivex,East,Ranchi,7,22
REP047,2024-07,1399545.26,1227554.04,87.71,Cardivex,East,Ranchi,22,23
REP047,2024-08,1229629.97,1266979.78,103.04,Cardivex,East,Ranchi,20,22
REP047,2024-09,1259492.49,1053095.94,83.61,Cardivex,East,Ranchi,9,69
REP047,2024-10,1407324.17,1326343.22,94.25,Cardivex,East,Ranchi,18,43
REP047,2024-11,1313989.52,1376873.08,104.79,Cardivex,East,Ranchi,17,44
REP047,2024-12,1470529.11,1138299.82,77.41,Cardivex,East,Ranchi,22,28
REP048,2024-01,1279463.08,572499.94,44.75,Diabetrol,Central,Bhopal,17,53
REP048,2024-02,1276173.51,575476.2,45.09,Diabetrol,Central,Bhopal,5,68
REP048,2024-03,1117695.17,457242.53,40.91,Diabetrol,Central,Bhopal,26,66
REP048,2024-04,1172101.38,724098.6,61.78,Diabetrol,Central,Bhopal,12,35
REP048,2024-05,1084329.52,633519.65,58.43,Diabetrol,Central,Bhopal,11,79
REP048,2024-06,1226504.26,919980.33,75.01,Diabetrol,Central,Bhopal,6,71
REP048,2024-07,1191432.36,791205.3,66.41,Diabetrol,Central,Bhopal,5,35
REP048,2024-08,1071698.83,517022.51,48.24,Diabetrol,Central,Bhopal,6,48
REP048,2024-09,1212015.0,774615.7,63.91,Diabetrol,Central,Bhopal,6,35
REP048,2024-10,1141897.41,795007.74,69.62,Diabetrol,Central,Bhopal,12,54
REP048,2024-11,1249387.63,608336.44,48.69,Diabetrol,Central,Bhopal,6,28
REP048,2024-12,1115575.59,671083.8,60.16,Diabetrol,Central,Bhopal,28,56
REP049,2024-01,1454025.61,1351335.5,92.94,Oncozin,Central,Gwalior,15,35
REP049,2024-02,1305244.65,1097096.41,84.05,Oncozin,Central,Gwalior,26,53
REP049,2024-03,1349445.78,1101569.89,81.63,Oncozin,Central,Gwalior,6,55
REP049,2024-04,1512265.55,1564523.51,103.46,Oncozin,Central,Gwalior,10,60
REP049,2024-05,1421225.91,1355316.61,95.36,Oncozin,Central,Gwalior,6,42
REP049,2024-06,1453691.27,1500901.24,103.25,Oncozin,Central,Gwalior,30,53
REP049,2024-07,1382004.42,1168651.04,84.56,Oncozin,Central,Gwalior,9,39
REP049,2024-08,1477043.69,1274597.21,86.29,Oncozin,Central,Gwalior,20,35
REP049,2024-09,1349511.97,1355992.71,100.48,Oncozin,Central,Gwalior,27,29
REP049,2024-10,1522111.9,1509528.37,99.17,Oncozin,Central,Gwalior,22,46
REP049,2024-11,1421629.61,1478972.25,104.03,Oncozin,Central,Gwalior,9,44
REP049,2024-12,1322132.41,1087926.64,82.29,Oncozin,Central,Gwalior,25,25
REP050,2024-01,1242512.83,966350.93,77.77,Diabetrol,South,Hyderabad,11,23
REP050,2024-02,1230404.73,1021898.47,83.05,Diabetrol,South,Hyderabad,24,22
REP050,2024-03,1114940.87,1128416.2,101.21,Diabetrol,South,Hyderabad,29,57
REP050,2024-04,1203097.84,1163746.4,96.73,Diabetrol,South,Hyderabad,20,33
REP050,2024-05,1149377.51,1161839.24,101.08,Diabetrol,South,Hyderabad,5,33
REP050,2024-06,1298993.47,1339454.43,103.11,Diabetrol,South,Hyderabad,8,67
REP050,2024-07,1184088.95,1243141.37,104.99,Diabetrol,South,Hyderabad,12,64
REP050,2024-08,1118829.2,1041988.52,93.13,Diabetrol,South,Hyderabad,12,55
REP050,2024-09,1137509.05,962883.78,84.65,Diabetrol,South,Hyderabad,19,54
REP050,2024-10,1143540.91,1080207.5,94.46,Diabetrol,South,Hyderabad,16,52
REP050,2024-11,1181017.07,1198547.6,101.48,Diabetrol,South,Hyderabad,30,66
REP050,2024-12,1269897.01,1131284.1,89.08,Diabetrol,South,Hyderabad,11,43
